City_ID,City,Country,Lat,Lng,Max Temp,Humidity,Cloudiness,Wind Speed,Current Description
0,Vaini,TO,-21.2,-175.2,80.76,74,75,12.66,scattered clouds
1,Dikson,RU,73.5069,80.5464,31.82,99,100,5.12,scattered clouds
2,Hobart,AU,-42.8794,147.3294,55.26,59,40,13.8,scattered clouds
3,Albany,US,42.6001,-73.9662,48.45,79,100,4.14,scattered clouds
4,Mataura,NZ,-46.1927,168.8643,41.79,99,99,6.13,scattered clouds
5,Torbay,CA,47.6666,-52.7314,41.4,80,7,4.0,scattered clouds
6,Veraval,IN,20.9,70.3667,81.27,74,94,6.87,scattered clouds
7,Wencheng,CN,33.0559,113.7978,48.34,88,100,20.69,scattered clouds
8,Waddan,LY,29.1614,16.139,67.68,86,85,6.08,scattered clouds
9,Busselton,AU,-33.65,115.3333,62.4,60,0,13.29,scattered clouds
10,Mossendjo,CG,-2.9506,12.7261,68.86,98,100,1.21,scattered clouds
11,Punta Arenas,CL,-53.15,-70.9167,42.91,81,75,6.91,scattered clouds
12,Ushuaia,AR,-54.8,-68.3,41.32,90,100,4.7,scattered clouds
13,Saint-Philippe,RE,-21.3585,55.7679,74.21,78,39,13.89,scattered clouds
14,Carnarvon,AU,-24.8667,113.6333,74.95,37,0,8.16,scattered clouds
15,Jamestown,US,42.097,-79.2353,44.24,74,0,6.91,scattered clouds
16,Moussoro,TD,13.6408,16.4901,83.25,52,56,8.61,scattered clouds
17,San Policarpo,PH,12.1791,125.5072,85.24,69,74,7.76,scattered clouds
18,Georgetown,MY,5.4112,100.3354,88.9,72,20,3.44,scattered clouds
19,Dzerzhinskoye,RU,56.8344,95.2283,35.6,75,26,2.42,scattered clouds
20,Mangochi,MW,-14.4782,35.2645,74.07,44,0,2.73,scattered clouds
21,Merauke,ID,-8.4667,140.3333,87.24,69,70,15.99,scattered clouds
22,Faya,SA,18.3851,42.4509,63.12,24,1,5.97,scattered clouds
23,Bethel,US,41.3712,-73.414,49.55,75,100,5.99,scattered clouds
24,Rikitea,PF,-23.1203,-134.9692,71.64,66,59,21.3,scattered clouds
25,Kahului,US,20.8947,-156.47,80.62,77,75,12.66,scattered clouds
26,Aripuana,BR,-9.1667,-60.6333,70.34,99,92,2.64,scattered clouds
27,Puerto Ayora,EC,-0.7393,-90.3518,65.55,94,41,4.0,scattered clouds
28,Cape Town,ZA,-33.9258,18.4232,61.38,84,85,1.01,scattered clouds
29,Avarua,CK,-21.2078,-159.775,77.05,78,40,21.85,scattered clouds
30,Yellowknife,CA,62.456,-114.3525,41.56,60,99,11.01,scattered clouds
31,Pisco,PE,-13.7,-76.2167,60.85,82,100,9.22,scattered clouds
32,Butaritari,KI,3.0707,172.7902,82.18,73,56,14.16,scattered clouds
33,Geraldton,AU,-28.7667,114.6,73.81,43,0,17.27,scattered clouds
34,Nuuk,GL,64.1835,-51.7216,32.61,100,75,1.14,scattered clouds
35,Fuling,CN,29.7022,107.3919,78.94,67,99,5.03,scattered clouds
36,Sitka,US,57.0531,-135.33,48.09,93,0,5.75,scattered clouds
37,Hermanus,ZA,-34.4187,19.2345,54.81,67,69,5.64,scattered clouds
38,Bluff,NZ,-46.6,168.3333,44.24,86,100,19.69,scattered clouds
39,Saskylakh,RU,71.9167,114.0833,19.89,92,98,6.69,scattered clouds
40,Ketchikan,US,55.3422,-131.6461,52.27,87,0,9.22,scattered clouds
41,Ko Samui,TH,9.5357,99.9357,82.44,75,96,11.18,scattered clouds
42,Fort Nelson,CA,58.8053,-122.7002,47.55,51,60,1.54,scattered clouds
43,Upernavik,GL,72.7868,-56.1549,21.63,76,100,5.55,scattered clouds
44,Kodiak,US,57.79,-152.4072,51.31,82,100,13.8,scattered clouds
45,Yichun,CN,47.7,128.9,37.44,44,59,13.89,scattered clouds
46,Ancud,CL,-41.8697,-73.8203,49.44,95,100,13.27,scattered clouds
47,Arraial Do Cabo,BR,-22.9661,-42.0278,67.62,86,100,3.2,scattered clouds
48,Te Anau,NZ,-45.4167,167.7167,44.51,95,100,5.37,scattered clouds
49,North Battleford,CA,52.7834,-108.2847,54.41,48,29,6.42,scattered clouds
50,Kaitangata,NZ,-46.2817,169.8464,44.1,91,92,10.4,scattered clouds
51,Srednekolymsk,RU,67.45,153.6833,28.71,65,97,4.03,scattered clouds
52,Yablonovo,RU,50.8523,37.3574,48.87,78,86,15.21,scattered clouds
53,Vanimo,PG,-2.6741,141.3028,87.82,60,71,9.06,scattered clouds
54,Sampit,ID,-2.5333,112.95,86.11,70,79,1.14,scattered clouds
55,Hun,LY,29.1268,15.9477,67.8,84,79,6.02,scattered clouds
56,Clarence Town,AU,-32.5833,151.7833,73.62,41,23,2.48,scattered clouds
57,Gold Coast,AU,-28.0,153.4333,73.99,57,37,9.22,scattered clouds
58,Inirida,CO,3.8653,-67.9239,75.99,88,97,2.55,scattered clouds
59,Narsaq,GL,60.9167,-46.05,34.02,51,0,6.22,scattered clouds
60,Claremore,US,36.3126,-95.6161,69.26,53,0,0.0,scattered clouds
61,Kisangani,CD,0.5167,25.2,68.0,99,86,2.48,scattered clouds
62,Salalah,OM,17.0151,54.0924,78.89,78,75,2.3,scattered clouds
63,Loiza,PR,18.4313,-65.8802,81.07,82,20,0.0,scattered clouds
64,Port Alfred,ZA,-33.5906,26.891,58.17,84,80,4.0,scattered clouds
65,Vestmannaeyjar,IS,63.4427,-20.2734,49.21,82,100,16.02,scattered clouds
66,Norman Wells,CA,65.282,-126.8329,36.16,98,100,1.23,scattered clouds
67,Cherskiy,RU,68.75,161.3,29.46,69,100,8.52,scattered clouds
68,Bambous Virieux,MU,-20.3428,57.7575,74.21,73,40,12.66,scattered clouds
69,Severo-Kurilsk,RU,50.6789,156.125,53.46,72,99,19.08,scattered clouds
70,Okha,RU,53.5739,142.9478,39.34,91,100,12.57,scattered clouds
71,Ambon,ID,-3.6954,128.1814,87.94,70,40,8.05,scattered clouds
72,Mut,TR,36.6439,33.4389,67.03,76,1,1.9,scattered clouds
73,Hithadhoo,MV,-0.6,73.0833,82.35,69,93,16.08,scattered clouds
74,Dehloran,IR,32.6941,47.2679,86.77,14,0,5.57,scattered clouds
75,Sanghar,PK,26.0466,68.9481,86.4,50,1,8.55,scattered clouds
76,Atuona,PF,-9.8,-139.0333,77.04,73,44,19.66,scattered clouds
77,Chuy,UY,-33.6971,-53.4616,54.72,62,93,7.99,scattered clouds
78,Porto Seguro,BR,-16.4497,-39.0647,73.92,94,0,4.61,scattered clouds
79,San Quintin,MX,30.4833,-115.95,68.18,85,80,11.68,scattered clouds
80,Bengkulu,ID,-3.8004,102.2655,82.35,72,100,6.51,scattered clouds
81,Ambilobe,MG,-13.2,49.05,73.33,58,39,3.18,scattered clouds
82,Imeni Poliny Osipenko,RU,52.4201,136.4853,40.66,38,71,15.39,scattered clouds
83,Charcas,MX,23.1333,-101.1167,59.18,45,100,7.87,scattered clouds
84,Dillenburg,DE,50.7333,8.2833,46.4,93,95,1.12,scattered clouds
85,New Norfolk,AU,-42.7826,147.0587,54.91,62,93,1.99,scattered clouds
86,Hilo,US,19.7297,-155.09,80.28,91,100,4.61,scattered clouds
87,Katobu,ID,-4.9408,122.5276,87.87,59,82,2.71,scattered clouds
88,San Pedro,PH,14.35,121.0167,88.83,65,40,6.91,scattered clouds
89,Sinnamary,GF,5.3833,-52.95,77.07,89,92,7.94,scattered clouds
90,Amli,IN,20.2833,73.0167,80.49,80,100,2.17,scattered clouds
91,Xinglongshan,CN,43.9561,125.4661,45.21,28,0,14.27,scattered clouds
92,Rimbey,CA,52.6334,-114.2353,56.23,65,17,7.02,scattered clouds
93,Mamakan,RU,57.8161,114.0028,33.49,72,100,2.33,scattered clouds
94,Ponta Do Sol,PT,32.6667,-17.1,70.0,64,42,3.04,scattered clouds
95,Ilulissat,GL,69.2167,-51.1,32.02,69,100,10.36,scattered clouds
96,Bamiantong,CN,44.9333,130.5333,44.78,36,76,19.37,scattered clouds
97,Havre-Saint-Pierre,CA,50.2334,-63.5986,47.41,79,7,17.16,scattered clouds
98,Longyearbyen,SJ,78.2186,15.6401,36.82,92,100,3.76,scattered clouds
99,Frontera,MX,26.9333,-101.45,71.33,69,100,1.01,scattered clouds
100,Flin Flon,CA,54.7682,-101.865,45.81,59,37,2.42,scattered clouds
101,Berlevag,NO,70.8578,29.0864,39.15,87,100,3.44,scattered clouds
102,Sturgeon Bay,US,44.8342,-87.377,53.58,76,0,4.61,scattered clouds
103,Mogadishu,SO,2.0371,45.3438,77.38,82,50,12.39,scattered clouds
104,Lubumbashi,CD,-11.6609,27.4794,60.28,45,7,3.38,scattered clouds
105,Jalu,LY,29.0331,21.5482,68.67,73,0,8.48,scattered clouds
106,Lebu,CL,-37.6167,-73.65,51.28,95,97,10.76,scattered clouds
107,Andenes,NO,69.3143,16.1194,43.93,93,40,9.22,scattered clouds
108,Chifeng,CN,42.2683,118.9636,44.29,22,0,17.94,scattered clouds
109,Porto Novo,BJ,6.4965,2.6036,75.11,93,69,4.36,scattered clouds
110,Airai,TL,-8.9266,125.4092,74.5,63,91,1.3,scattered clouds
111,Luanda,AO,-8.8368,13.2343,71.6,88,40,3.44,scattered clouds
112,Husavik,IS,66.0449,-17.3389,43.97,91,96,6.55,scattered clouds
113,Deputatskiy,RU,69.3,139.9,14.56,93,49,2.84,scattered clouds
114,Abu Samrah,SY,35.3029,37.1841,70.38,83,0,3.02,scattered clouds
115,Clyde River,CA,70.4692,-68.5914,27.9,93,100,3.33,scattered clouds
116,Honiara,SB,-9.4333,159.95,84.4,75,88,6.8,scattered clouds
117,Bandarbeyla,SO,9.4942,50.8122,78.42,73,47,15.82,scattered clouds
118,Ventspils,LV,57.3894,21.5606,53.53,82,40,17.27,scattered clouds
119,Shikarpur,PK,27.9571,68.6379,85.89,44,0,4.97,scattered clouds
120,Latung,PH,5.5,120.8833,84.88,68,95,8.7,scattered clouds
121,Gravdal,NO,68.1214,13.5031,48.09,100,75,6.91,scattered clouds
122,Saint-Augustin,CA,51.226,-58.6502,41.94,70,8,13.49,scattered clouds
123,Nikolskoye,RU,59.7035,30.7861,46.29,95,80,4.74,scattered clouds
124,Ixtapa,MX,20.7,-105.2,79.83,83,75,3.44,scattered clouds
125,Utinga,BR,-5.8172,-35.3954,74.25,88,20,3.44,scattered clouds
126,Thompson,CA,55.7435,-97.8558,43.72,57,46,1.32,scattered clouds
127,Esperance,AU,-33.8667,121.9,62.44,72,65,10.18,scattered clouds
128,Lewistown,US,40.5992,-77.5714,48.63,93,0,0.0,scattered clouds
129,Port Lincoln,AU,-34.7333,135.8667,60.26,83,97,20.89,scattered clouds
130,Micheweni,TZ,-4.9667,39.8333,73.78,80,47,5.79,scattered clouds
131,Denizli,TR,37.8402,29.0698,56.73,55,2,2.91,scattered clouds
132,Leningradskiy,RU,69.3833,178.4167,31.17,89,100,4.12,scattered clouds
133,Hasaki,JP,35.7333,140.8333,88.29,68,51,23.58,scattered clouds
134,Mitsamiouli,KM,-11.3847,43.2844,75.51,71,50,7.16,scattered clouds
135,Kavaratti,IN,10.5669,72.642,81.86,76,100,14.16,scattered clouds
136,Teruel,ES,40.6667,-0.6667,55.44,52,87,2.66,scattered clouds
137,Sola,VU,-13.8833,167.55,80.37,75,18,10.96,scattered clouds
138,Ca Mau,VN,9.1769,105.15,85.17,71,99,7.78,scattered clouds
139,Mendi,PG,-6.1761,143.6513,68.94,71,62,5.37,scattered clouds
140,East London,ZA,-33.0153,27.9116,62.06,70,100,14.18,scattered clouds
141,Castro,BR,-24.7911,-50.0119,55.27,98,100,4.38,scattered clouds
142,Saint George,US,37.1041,-113.5841,72.95,45,0,3.0,scattered clouds
143,Bredasdorp,ZA,-34.5322,20.0403,51.1,82,12,5.41,scattered clouds
144,Touros,BR,-5.1989,-35.4608,75.54,80,22,13.35,scattered clouds
145,Lagoa,PT,39.05,-27.9833,68.34,79,98,5.86,scattered clouds
146,Bathsheba,BB,13.2167,-59.5167,81.21,83,20,17.27,scattered clouds
147,Chapais,CA,49.7834,-74.8492,43.43,78,93,7.09,scattered clouds
148,Tazovskiy,RU,67.4667,78.7,36.54,97,100,17.67,scattered clouds
149,Barrow,US,71.2906,-156.7887,23.02,93,100,10.36,scattered clouds
150,Kisumu,KE,-0.1022,34.7617,67.6,76,100,4.09,scattered clouds
151,Shebalino,RU,51.2917,85.6772,44.4,38,1,1.52,scattered clouds
152,Cayenne,GF,4.9333,-52.3333,75.24,94,0,0.0,scattered clouds
153,Antananarivo,MG,-18.9137,47.5361,55.36,94,20,3.44,scattered clouds
154,Saldanha,ZA,-33.0117,17.9442,56.05,79,16,11.14,scattered clouds
155,Port Hardy,CA,50.6996,-127.4199,58.53,91,85,4.07,scattered clouds
156,Kolvereid,NO,64.8655,11.6047,49.23,90,100,7.14,scattered clouds
157,Lata,PT,40.1629,-8.3327,55.92,57,1,2.84,scattered clouds
158,Khatanga,RU,71.9667,102.5,22.42,83,100,6.33,scattered clouds
159,Tuktoyaktuk,CA,69.4541,-133.0374,25.03,85,8,14.81,scattered clouds
160,Vardo,NO,70.3705,31.1107,40.98,87,100,2.3,scattered clouds
161,Okhotsk,RU,59.3833,143.3,38.17,41,100,4.36,scattered clouds
162,Buraydah,SA,26.326,43.975,76.82,16,4,7.14,scattered clouds
163,Maamba,ZM,-17.3667,27.15,68.38,35,0,2.86,scattered clouds
164,Drakhtik,AM,40.565,45.2367,54.68,62,2,3.22,scattered clouds
165,Madang,PG,-5.2246,145.7966,86.56,66,13,9.13,scattered clouds
166,Ojinaga,MX,29.5667,-104.4167,76.15,41,0,9.22,scattered clouds
167,Vao,NC,-22.6667,167.4833,69.31,65,7,16.93,scattered clouds
168,Kudahuvadhoo,MV,2.6708,72.8944,81.57,76,100,18.1,scattered clouds
169,Iqaluit,CA,63.7506,-68.5145,36.7,93,100,11.99,scattered clouds
170,Abha,SA,18.2164,42.5053,62.85,24,0,0.0,scattered clouds
171,Mehamn,NO,71.0357,27.8492,39.11,93,75,6.91,scattered clouds
172,Pak Phanang,TH,8.3511,100.202,84.06,71,69,5.88,scattered clouds
173,Katsuura,JP,35.1333,140.3,79.36,67,47,21.34,scattered clouds
174,Palmer,US,42.1584,-72.3287,49.86,72,100,8.05,scattered clouds
175,Ingham,US,42.6,-84.3833,44.22,90,0,0.0,scattered clouds
176,Lakhisarai,IN,25.1768,86.0932,78.35,89,100,14.12,scattered clouds
177,Kloulklubed,PW,7.0419,134.2556,86.5,78,100,5.86,scattered clouds
178,Pafos,CY,34.7667,32.4167,71.38,68,20,5.75,scattered clouds
179,Port Elizabeth,ZA,-33.918,25.5701,57.31,85,11,3.0,scattered clouds
180,Silifke,TR,36.3778,33.9344,74.57,80,27,7.61,scattered clouds
181,Serro,BR,-18.6047,-43.3794,63.61,96,47,1.74,scattered clouds
182,Homer,US,59.6425,-151.5483,50.81,76,100,1.01,scattered clouds
183,Dzhebariki-Khaya,RU,62.2167,135.8,28.35,48,27,6.42,scattered clouds
184,Rorvik,NO,64.8621,11.2373,50.11,93,75,4.61,scattered clouds
185,Namibe,AO,-15.1961,12.1522,65.62,90,55,3.65,scattered clouds
186,Praia Da Vitoria,PT,38.7333,-27.0667,66.76,95,100,5.73,scattered clouds
187,Port Blair,IN,11.6667,92.75,86.04,74,75,3.44,scattered clouds
188,Mar Del Plata,AR,-38.0023,-57.5575,52.09,88,100,4.0,scattered clouds
189,Coachella,US,33.6803,-116.1739,93.15,41,14,1.83,scattered clouds
190,Kastamonu,TR,41.5,33.6667,46.18,88,11,3.2,scattered clouds
191,Bairiki,KI,1.3292,172.9752,86.0,62,20,17.27,scattered clouds
192,Milton,US,34.1322,-84.3007,66.29,83,84,4.14,scattered clouds
193,Alvaro Obregon,MX,19.3733,-99.225,61.92,58,75,3.44,scattered clouds
194,Angoche,MZ,-16.2325,39.9086,72.03,80,0,6.29,scattered clouds
195,Montepuez,MZ,-13.1256,38.9997,64.27,84,5,3.4,scattered clouds
196,Makokou,GA,0.5738,12.8642,66.99,99,95,2.39,scattered clouds
197,Wageningen,NL,51.9667,5.6667,51.08,93,100,3.44,scattered clouds
198,Grand Island,US,40.925,-98.342,69.03,39,100,10.36,scattered clouds
199,Shimanovsk,RU,52.0,127.7,38.79,29,7,13.42,scattered clouds
200,Souillac,MU,-20.5167,57.5167,73.78,73,40,12.66,scattered clouds
201,Kamenka,RU,51.3223,42.7678,50.23,74,86,8.23,scattered clouds
202,Asau,RO,46.4333,26.4,47.32,81,61,5.26,scattered clouds
203,Alta Floresta,BR,-9.8756,-56.0861,72.64,83,29,5.08,scattered clouds
204,Provideniya,RU,64.3833,-173.3,41.36,81,0,7.0,scattered clouds
205,Maxixe,MZ,-23.8597,35.3472,75.02,88,40,6.91,scattered clouds
206,Faanui,PF,-16.4833,-151.75,77.77,78,5,17.22,scattered clouds
207,Tiksi,RU,71.6872,128.8694,21.65,86,79,11.74,scattered clouds
208,Klaksvik,FO,62.2266,-6.589,52.72,97,100,36.04,scattered clouds
209,Tautira,PF,-17.7333,-149.15,76.08,82,30,23.67,scattered clouds
210,Yar-Sale,RU,66.8333,70.8333,38.7,78,100,11.81,scattered clouds
211,Zelenoborskiy,RU,66.845,32.3622,43.66,90,100,7.18,scattered clouds
212,Kokkola,FI,63.8385,23.1307,46.92,96,100,1.14,scattered clouds
213,Pevek,RU,69.7008,170.3133,29.32,75,100,8.75,scattered clouds
214,Chulman,RU,56.8479,124.9104,26.74,71,100,13.51,scattered clouds
215,Atar,MR,20.5169,-13.0499,88.54,34,78,5.57,scattered clouds
216,Black River,JM,18.0264,-77.8487,77.74,85,72,3.56,scattered clouds
217,Mahebourg,MU,-20.4081,57.7,74.25,73,40,12.66,scattered clouds
218,Nome,US,64.5011,-165.4064,44.67,82,100,11.5,scattered clouds
219,Grindavik,IS,63.8424,-22.4338,51.75,87,100,17.27,scattered clouds
220,Egvekinot,RU,66.3167,-179.1667,25.7,79,87,8.52,scattered clouds
221,Skorodnoye,RU,51.071,37.2276,48.34,83,75,16.17,scattered clouds
222,Zabol,AF,32.25,67.25,63.43,15,0,2.15,scattered clouds
223,Dongying,CN,37.4564,118.4856,53.64,43,100,15.66,scattered clouds
224,Novonikolayevskiy,RU,50.9738,42.3649,51.15,71,93,8.46,scattered clouds
225,Marienburg,PL,54.0359,19.0266,53.04,92,13,10.51,scattered clouds
226,Vila Franca Do Campo,PT,37.7167,-25.4333,73.2,93,44,9.55,scattered clouds
227,Mahad,IN,18.0833,73.4167,79.84,84,100,2.01,scattered clouds
228,Murray Bridge,AU,-35.1167,139.2667,58.12,81,98,17.11,scattered clouds
229,Dumas,US,35.8656,-101.9732,64.62,36,0,10.36,scattered clouds
230,Lavrentiya,RU,65.5833,-171.0,38.01,76,45,3.71,scattered clouds
231,Kearney,US,40.6995,-99.0815,68.56,38,100,8.05,scattered clouds
232,Fitii,PF,-16.7333,-151.0333,76.93,79,0,18.32,scattered clouds
233,Sambava,MG,-14.2667,50.1667,70.25,79,95,8.48,scattered clouds
234,Tabou,CI,4.423,-7.3528,75.27,91,89,3.09,scattered clouds
235,Svetlopolyansk,RU,59.4184,52.3605,45.73,76,92,7.47,scattered clouds
236,Chicama,PE,-7.8447,-79.1469,57.74,84,51,5.86,scattered clouds
237,Fukue,JP,32.6881,128.8419,79.05,81,100,16.89,scattered clouds
238,Samarai,PG,-10.6167,150.6667,81.64,81,86,14.5,scattered clouds
239,Lodja,CD,-3.4833,23.4333,66.9,91,93,2.82,scattered clouds
240,North Myrtle Beach,US,33.816,-78.68,55.45,89,0,4.61,scattered clouds
241,Kirakira,SB,-10.4544,161.9205,83.98,69,66,9.17,scattered clouds
242,Tasiilaq,GL,65.6145,-37.6368,37.56,97,100,7.09,scattered clouds
243,Kapaa,US,22.0752,-159.319,82.38,72,20,12.66,scattered clouds
244,Rudraprayag,IN,30.2833,78.9833,81.18,57,84,0.89,scattered clouds
245,Saint-Francois,FR,46.4154,3.9054,42.24,100,100,0.0,scattered clouds
246,Bentiu,SS,9.2333,29.8333,71.04,90,97,1.03,scattered clouds
247,Ust-Tsilma,RU,65.441,52.1498,37.27,92,100,4.14,scattered clouds
248,Olden,NO,61.8364,6.8064,54.1,90,100,9.42,scattered clouds
249,Valdivia,CL,-39.8142,-73.2459,51.89,99,100,3.89,scattered clouds
250,Pochutla,MX,15.7432,-96.4661,76.82,90,54,3.62,scattered clouds
251,Fairbanks,US,64.8378,-147.7164,43.99,81,20,4.61,scattered clouds
252,Coquimbo,CL,-29.9533,-71.3436,55.13,82,100,5.75,scattered clouds
253,Muroto,JP,33.2833,134.15,78.67,75,65,11.97,scattered clouds
254,Chokurdakh,RU,70.6333,147.9167,26.76,77,98,3.29,scattered clouds
255,Invermere,CA,50.5167,-116.0354,60.19,60,8,1.39,scattered clouds
256,Hovd,MN,48.0056,91.6419,34.11,22,6,2.53,scattered clouds
257,Manhattan,US,40.7834,-73.9662,49.95,85,100,15.01,scattered clouds
258,Tuatapere,NZ,-46.1333,167.6833,43.61,95,100,10.56,scattered clouds
259,Lalmohan,BD,22.3384,90.7419,84.02,79,100,9.48,scattered clouds
260,Guerrero Negro,MX,27.9769,-114.0611,69.58,80,75,16.22,scattered clouds
261,Yeppoon,AU,-23.1333,150.7333,74.98,54,3,14.47,scattered clouds
262,Lompoc,US,34.6391,-120.4579,62.02,91,0,9.22,scattered clouds
263,Laguna,US,38.421,-121.4238,74.32,64,0,8.05,scattered clouds
264,Great Falls,US,47.5002,-111.3008,57.69,86,0,5.75,scattered clouds
265,Alofi,NU,-19.0595,-169.9187,76.95,84,19,17.56,scattered clouds
266,Porto Recanati,IT,43.4365,13.6613,61.3,46,2,9.95,scattered clouds
267,High Level,CA,58.5169,-117.136,42.91,75,75,0.0,scattered clouds
268,North Platte,US,41.1239,-100.7654,58.89,91,100,8.05,scattered clouds
269,Moron,AR,-34.6534,-58.6198,55.15,73,14,10.56,scattered clouds
270,Wukari,NG,7.85,9.7833,71.11,97,100,2.68,scattered clouds
271,Plettenberg Bay,ZA,-34.0527,23.3716,54.43,82,35,6.64,scattered clouds
272,Patacamaya,BO,-17.2333,-67.9167,44.69,73,37,5.41,scattered clouds
273,Barabinsk,RU,55.3571,78.357,40.1,51,56,4.74,scattered clouds
274,Dubbo,AU,-32.25,148.6167,68.13,56,12,8.05,scattered clouds
275,Itarema,BR,-2.9248,-39.9167,77.4,80,92,14.7,scattered clouds
276,Ribeira Grande,PT,38.5167,-28.7,69.35,82,91,2.24,scattered clouds
277,Indi,IN,17.1667,75.9667,81.5,60,98,14.18,scattered clouds
278,Camacha,PT,33.0833,-16.3333,63.82,82,20,1.14,scattered clouds
279,Manggar,ID,-2.8833,108.2667,85.53,64,83,4.61,scattered clouds
280,Acapulco,MX,16.8634,-99.8901,80.42,74,20,3.44,scattered clouds
281,Noumea,NC,-22.2763,166.4572,76.98,59,15,12.24,scattered clouds
282,Nizhnyaya Tavda,RU,57.6731,66.1725,50.34,75,100,8.84,scattered clouds
283,Yulara,AU,-25.2406,130.9889,74.43,46,96,7.9,scattered clouds
284,Churapcha,RU,62.0025,132.4325,30.02,54,99,7.54,scattered clouds
285,Aguimes,ES,27.9054,-15.4461,74.66,68,0,13.8,scattered clouds
286,Utashinai,JP,43.5167,142.05,57.9,98,100,8.79,scattered clouds
287,Isangel,VU,-19.55,169.2667,80.71,69,75,13.8,scattered clouds
288,Sisimiut,GL,66.9395,-53.6735,32.05,81,100,7.47,scattered clouds
289,Peniche,PT,39.3558,-9.3811,60.12,93,1,7.0,scattered clouds
290,Omboue,GA,-1.5746,9.2618,74.84,89,100,5.82,scattered clouds
291,Fairview,US,40.8126,-73.999,49.46,84,100,14.97,scattered clouds
292,Yatou,CN,37.15,122.3833,54.21,58,83,26.22,scattered clouds
293,Qaanaaq,GL,77.484,-69.3632,17.73,73,100,5.73,scattered clouds
294,Petropavlovsk-Kamchatskiy,RU,53.0452,158.6483,50.59,76,0,11.18,scattered clouds
295,Constitucion,CL,-35.3333,-72.4167,47.77,90,38,3.78,scattered clouds
296,Cidreira,BR,-30.1811,-50.2056,52.63,81,8,5.86,scattered clouds
297,Ewo,CG,-0.8725,14.8206,68.94,95,67,1.86,scattered clouds
298,Texarkana,US,33.4251,-94.0477,68.23,58,0,3.44,scattered clouds
299,Aswan,EG,24.0934,32.907,80.31,37,0,7.25,scattered clouds
300,San Patricio,US,28.017,-97.5169,75.83,49,99,5.06,scattered clouds
301,Aspindza,GE,41.5739,43.2483,60.03,65,100,5.12,scattered clouds
302,Tomatlan,MX,19.9333,-105.25,72.93,96,100,3.02,scattered clouds
303,Kargasok,RU,59.0556,80.8572,37.54,62,100,13.42,scattered clouds
304,Mount Gambier,AU,-37.8333,140.7667,59.77,71,100,12.46,scattered clouds
305,Komsomolskiy,UZ,40.4272,71.7189,66.92,30,0,2.3,scattered clouds
306,Tapikan,PH,6.8519,124.3225,83.84,64,63,7.34,scattered clouds
307,Turangi,NZ,-39.0,175.9333,59.27,40,0,6.06,scattered clouds
308,Emet,TR,39.343,29.2585,46.94,90,7,4.76,scattered clouds
309,Kodinsk,RU,58.6881,99.1844,35.37,65,18,3.47,scattered clouds
310,Ust-Nera,RU,64.5667,143.2,20.93,83,98,6.87,scattered clouds
311,Tigil,RU,57.8,158.6667,41.74,96,100,13.06,scattered clouds
312,Fare,PF,-16.7,-151.0167,77.45,79,0,18.19,scattered clouds
313,Lukh,RU,57.0124,42.2584,47.57,83,6,12.82,scattered clouds
314,San Cristobal,VE,7.7669,-72.225,71.78,89,49,2.24,scattered clouds
315,La Palma,US,33.8464,-118.0467,75.9,80,0,4.61,scattered clouds
316,Pitimbu,BR,-7.4706,-34.8086,72.19,78,70,8.95,scattered clouds
317,Neryungri,RU,56.6709,124.6491,26.62,69,100,14.41,scattered clouds
318,Nanortalik,GL,60.1432,-45.2371,36.7,72,4,6.31,scattered clouds
319,Biak,ID,-0.9131,122.8766,83.52,68,34,2.21,scattered clouds
320,Nagarote,NI,12.2659,-86.5647,78.48,92,100,1.36,scattered clouds
321,Taber,CA,49.8167,-112.1518,55.6,85,26,9.22,scattered clouds
322,Oranjemund,NA,-28.55,16.4333,54.7,92,15,13.8,scattered clouds
323,Ales,FR,44.1333,4.0833,54.68,61,5,4.45,scattered clouds
324,Shupiyan,IN,33.7167,74.8333,61.72,35,0,3.33,scattered clouds
325,Walvis Bay,NA,-22.9575,14.5053,56.08,94,2,4.45,scattered clouds
326,Ossora,RU,59.2353,163.0719,41.49,75,99,4.29,scattered clouds
327,San Carlos De Bariloche,AR,-41.1456,-71.3082,45.25,79,75,16.11,scattered clouds
328,Manavalakurichi,IN,8.1333,77.3,83.89,67,96,16.53,scattered clouds
329,Mao,ES,39.8885,4.2658,63.16,94,20,6.91,scattered clouds
330,Trairi,BR,-3.2778,-39.2689,77.99,76,49,13.31,scattered clouds
331,Luderitz,NA,-26.6481,15.1594,55.24,81,0,18.72,scattered clouds
332,Chimoio,MZ,-19.1164,33.4833,64.26,100,0,2.98,scattered clouds
333,Shingu,JP,33.7333,135.9833,82.69,59,64,11.3,scattered clouds
334,Toora-Khem,RU,52.4675,96.11,37.49,25,15,1.68,scattered clouds
335,Pimentel,PE,-6.8367,-79.9342,62.01,87,69,12.75,scattered clouds
336,Eyl,SO,7.9803,49.8164,77.54,75,41,11.92,scattered clouds
337,Olafsvik,IS,64.8945,-23.7142,45.7,84,100,27.02,scattered clouds
338,Malpe,IN,13.35,74.7167,83.5,82,82,9.37,scattered clouds
339,Porto De Moz,BR,-1.7483,-52.2383,73.45,89,35,3.98,scattered clouds
340,Lethem,GY,3.3803,-59.7968,77.27,73,68,3.58,scattered clouds
341,Baker City,US,44.7749,-117.8344,59.65,58,0,6.91,scattered clouds
342,Awjilah,LY,29.1081,21.2869,68.34,78,0,8.23,scattered clouds
343,Banna,PH,17.98,120.655,86.95,70,20,6.91,scattered clouds
344,Kiunga,PG,-6.1219,141.2906,91.11,55,95,4.27,scattered clouds
345,Umba,RU,66.6871,34.3429,42.04,85,100,7.18,scattered clouds
346,Ferme-Neuve,CA,46.7001,-75.4493,41.9,65,100,3.18,scattered clouds
347,Tanout,NE,14.9709,8.8879,84.72,24,87,4.34,scattered clouds
348,Kantang,TH,7.4054,99.5156,88.99,99,20,2.3,scattered clouds
349,Brae,GB,60.3964,-1.353,55.45,92,100,25.84,scattered clouds
350,Charters Towers,AU,-20.1,146.2667,82.13,48,96,15.46,scattered clouds
351,Fort-Shevchenko,KZ,44.5086,50.263,60.96,34,6,20.89,scattered clouds
352,Pucallpa,PE,-8.3791,-74.5539,77.04,94,40,2.3,scattered clouds
353,Nioro,GM,13.35,-15.75,74.86,95,100,2.42,scattered clouds
354,Enumclaw,US,47.2043,-121.9915,66.18,79,0,1.01,scattered clouds
355,Kruisfontein,ZA,-34.0033,24.7314,54.88,79,61,9.17,scattered clouds
356,Kavieng,PG,-2.5744,150.7967,85.64,65,100,10.07,scattered clouds
357,Shenjiamen,CN,29.9576,122.298,74.95,87,86,23.91,scattered clouds
358,Coihaique,CL,-45.5752,-72.0662,47.01,76,0,2.3,scattered clouds
359,Hami,CN,42.8,93.45,59.34,10,45,6.02,scattered clouds
360,Zhangjiakou,CN,40.81,114.8794,44.01,20,0,9.62,scattered clouds
361,Herat,AF,34.5,62.0,68.54,16,0,0.87,scattered clouds
362,Liberty,US,31.8335,-81.5004,61.05,92,0,3.0,scattered clouds
363,Kutum,SD,14.2,24.6667,75.13,26,77,8.01,scattered clouds
364,Babu,CN,24.4167,111.5167,95.13,39,1,2.01,scattered clouds
365,Beringovskiy,RU,63.05,179.3167,37.71,68,91,7.2,scattered clouds
366,Zhovti Vody,UA,48.3473,33.5003,49.64,79,58,10.69,scattered clouds
367,Najran,SA,17.4924,44.1277,66.85,16,0,3.11,scattered clouds
368,Cururupu,BR,-1.8283,-44.8683,75.63,85,21,5.08,scattered clouds
369,Qandala,SO,11.472,49.8728,87.78,47,100,5.66,scattered clouds
370,Saint-Pierre,RE,-21.3393,55.4781,74.88,67,0,3.44,scattered clouds
371,Kjopsvik,NO,68.097,16.3742,37.27,80,60,5.01,scattered clouds
372,Roald,NO,62.5833,6.1333,58.33,82,40,8.05,scattered clouds
373,Talnakh,RU,69.4865,88.3972,33.21,93,100,22.55,scattered clouds
374,Bubaque,GW,11.2833,-15.8333,81.48,75,100,9.93,scattered clouds
375,Esmeraldas,BR,-19.7625,-44.3139,65.26,90,33,2.15,scattered clouds
376,Phuket,TH,8.0,98.25,85.08,79,40,9.22,scattered clouds
377,La Ronge,CA,55.1001,-105.2842,39.42,93,0,0.0,scattered clouds
378,Ulaanbaatar,MN,47.9077,106.8832,32.13,40,0,8.95,scattered clouds
379,Wenling,CN,28.3669,121.36,84.24,72,8,5.77,scattered clouds
380,Ahuimanu,US,21.4447,-157.8378,80.31,69,100,14.97,scattered clouds
381,Tokur,RU,53.1333,132.9,29.05,40,100,6.73,scattered clouds
382,Wanganui,NZ,-39.9333,175.05,58.24,59,9,10.89,scattered clouds
383,Ahipara,NZ,-35.1667,173.1667,59.77,77,82,12.53,scattered clouds
384,Cooma,AU,-36.2333,149.1333,64.33,40,91,4.21,scattered clouds
385,Tiznit,MA,29.5833,-9.5,74.61,28,5,1.5,scattered clouds
386,Yaan,NG,7.3833,8.5667,71.01,97,100,5.41,scattered clouds
387,North Bend,US,43.4065,-124.2243,58.91,93,100,3.44,scattered clouds
388,Ribeira Brava,PT,32.65,-17.0667,70.43,64,44,3.06,scattered clouds
389,Fuxin,CN,42.0156,121.6589,48.88,17,0,16.13,scattered clouds
390,Korla,CN,41.7597,86.1469,55.89,17,100,1.43,scattered clouds
391,Fortuna,US,40.5982,-124.1573,58.66,81,27,4.16,scattered clouds
392,Tilichiki,RU,60.4667,166.1,37.45,79,100,4.72,scattered clouds
393,Karonga,MW,-9.9333,33.9333,70.81,60,6,4.81,scattered clouds
394,Tubuala,PA,9.5167,-79.0333,81.23,82,74,8.9,scattered clouds
395,Dali,CN,25.7,100.1833,69.73,76,96,3.0,scattered clouds
396,Damghan,IR,36.1683,54.348,72.93,25,0,1.03,scattered clouds
397,Skibbereen,IE,51.55,-9.2667,61.11,96,100,24.36,scattered clouds
398,Kaeo,NZ,-35.1,173.7833,65.32,74,76,6.8,scattered clouds
399,Fereydun Kenar,IR,36.6864,52.5225,76.21,65,2,7.81,scattered clouds
400,Shirokiy,RU,49.758,129.523,39.81,37,56,15.73,scattered clouds
401,Aranjuez,ES,40.0311,-3.6025,69.24,34,16,3.36,scattered clouds
402,Sangar,RU,63.9242,127.4739,30.38,54,75,6.51,scattered clouds
403,Busayra,JO,30.7376,35.6078,64.11,68,0,0.83,scattered clouds
404,Byron Bay,AU,-28.65,153.6167,73.94,56,16,9.22,scattered clouds
405,Starobaltachevo,RU,56.0013,55.9213,46.78,49,19,8.59,scattered clouds
406,Maraba,BR,-5.3686,-49.1178,75.38,94,52,0.0,scattered clouds
407,Ternate,ID,0.8,127.4,84.63,67,100,2.71,scattered clouds
408,Daru,PG,-9.0763,143.2092,83.05,83,83,14.7,scattered clouds
409,Taltal,CL,-25.4,-70.4833,55.17,81,16,2.35,scattered clouds
410,Roebourne,AU,-20.7833,117.1333,82.26,39,0,13.35,scattered clouds
411,Maldonado,UY,-34.6667,-54.9167,52.23,89,41,2.57,scattered clouds
412,Meulaboh,ID,4.1363,96.1285,78.8,82,95,2.71,scattered clouds
413,Portland,US,45.5234,-122.6762,71.2,73,0,3.44,scattered clouds
414,Erdenet,MN,49.0333,104.0833,35.92,20,0,4.88,scattered clouds
415,De Aar,ZA,-30.6497,24.0123,52.16,45,45,7.4,scattered clouds
416,Grand Gaube,MU,-20.0064,57.6608,74.37,67,1,7.0,scattered clouds
417,Sao Filipe,CV,14.8961,-24.4956,78.78,79,100,7.56,scattered clouds
418,Clifton,US,40.8584,-74.1638,48.9,88,100,14.97,scattered clouds
419,Riyadh,SA,24.6877,46.7219,75.34,23,0,3.11,scattered clouds
420,Barra Patuca,HN,15.8,-84.2833,77.9,80,100,2.86,scattered clouds
421,Llanes,ES,43.4198,-4.7549,66.49,69,0,2.15,scattered clouds
422,Cachoeira Do Sul,BR,-30.0392,-52.8939,47.23,93,1,4.29,scattered clouds
423,Tadine,NC,-21.55,167.8833,72.75,60,0,16.06,scattered clouds
424,Cap Malheureux,MU,-19.9842,57.6142,74.46,67,0,7.0,scattered clouds
425,Aklavik,CA,68.2191,-135.0107,23.99,93,50,7.94,scattered clouds
426,Mgandu,TZ,-5.95,34.1333,59.31,57,44,7.9,scattered clouds
427,Prince Rupert,CA,54.3161,-130.3201,53.29,94,20,13.8,scattered clouds
428,Gambela,ET,8.25,34.5833,69.87,96,100,0.94,scattered clouds
429,Oytal,KZ,42.9057,73.2697,59.68,41,20,4.09,scattered clouds
430,Kendari,ID,-3.945,122.4989,87.62,60,56,5.03,scattered clouds
431,Victoria,HK,22.2855,114.1577,90.03,73,2,5.99,scattered clouds
432,Lorengau,PG,-2.0226,147.2712,86.2,67,57,10.6,scattered clouds
433,Traipu,BR,-9.9706,-37.0033,65.12,93,17,2.98,scattered clouds
434,Qasigiannguit,GL,68.8193,-51.1922,32.25,76,48,6.11,scattered clouds
435,Surt,LY,31.2089,16.5887,76.42,66,100,12.86,scattered clouds
436,Chara,RU,56.9064,118.2631,28.49,56,99,4.34,scattered clouds
437,Bhinmal,IN,25.0,72.25,84.22,47,2,5.3,scattered clouds
438,Aksay,RU,47.26,39.87,59.25,73,90,15.99,scattered clouds
439,Whitehorse,CA,60.7161,-135.0538,47.17,64,40,12.66,scattered clouds
440,Nizhnyaya Omka,RU,55.4338,74.9426,39.7,54,93,9.31,scattered clouds
441,Bow Island,CA,49.8668,-111.3684,53.78,82,47,9.22,scattered clouds
442,Iwamizawa,JP,43.2003,141.7597,66.25,94,100,12.17,scattered clouds
443,Colesberg,ZA,-30.72,25.0972,52.77,64,93,7.72,scattered clouds
444,Mamlyutka,KZ,54.9375,68.5394,41.02,43,62,10.09,scattered clouds
445,Lakhipur,IN,26.0299,90.3041,78.13,89,100,8.55,scattered clouds
446,Avera,US,33.194,-82.5271,53.65,80,3,4.76,scattered clouds
447,Ushibuka,JP,32.1906,130.0228,79.99,81,90,12.5,scattered clouds
448,Bumba,CD,2.1833,22.4667,68.34,98,97,1.14,scattered clouds
449,Zhezkazgan,KZ,47.8043,67.7144,39.18,35,0,15.66,scattered clouds
450,Dunedin,NZ,-45.8742,170.5036,49.66,80,98,15.08,scattered clouds
451,Vrangel,RU,42.7297,133.0839,51.37,35,75,20.24,scattered clouds
452,Kvitok,RU,56.0724,98.4813,30.09,85,100,0.81,scattered clouds
453,Kerema,PG,-7.9631,145.7785,85.12,76,30,11.16,scattered clouds
454,Vostok,RU,46.4856,135.8833,33.76,52,65,15.7,scattered clouds
455,Tahta,EG,26.7693,31.5021,74.55,49,0,9.48,scattered clouds
456,Cabo San Lucas,MX,22.8909,-109.9124,83.5,73,1,5.3,scattered clouds
457,Vaxjo,SE,56.8777,14.8091,41.05,100,4,5.75,scattered clouds
458,Halifax,CA,44.6453,-63.5724,43.5,89,0,0.4,scattered clouds
459,Bemidji,US,47.4736,-94.8803,60.91,82,100,0.0,scattered clouds
460,Khromtau,KZ,50.2503,58.4347,39.6,32,0,9.64,scattered clouds
461,Codrington,AU,-38.2667,141.9667,54.3,74,100,17.65,scattered clouds
462,Wanaka,NZ,-44.7,169.15,56.1,46,78,14.0,scattered clouds
463,Pemberton,CA,50.3164,-122.8027,66.69,65,0,2.59,scattered clouds
464,Shimoda,JP,34.6667,138.95,84.11,71,54,14.38,scattered clouds
465,Crossville,US,35.949,-85.0269,51.94,89,0,4.61,scattered clouds
466,Tateyama,JP,34.9833,139.8667,83.1,71,51,21.92,scattered clouds
467,Pacific Grove,US,36.6177,-121.9166,64.08,84,0,17.0,scattered clouds
468,Siderno,IT,38.2779,16.302,62.33,78,82,5.03,scattered clouds
469,Gariaband,IN,20.635,82.0614,81.52,72,98,5.01,scattered clouds
470,Lake Cowichan,CA,48.825,-124.0546,63.05,74,1,2.95,scattered clouds
471,Sobolevo,RU,54.4299,31.8996,36.25,97,100,12.5,scattered clouds
472,Zapolyarnyy,RU,69.4154,30.8136,33.08,88,99,2.3,scattered clouds
473,Kathmandu,NP,27.7167,85.3167,71.82,88,75,3.44,scattered clouds
474,Kaspiyskiy,RU,45.3929,47.3707,66.61,83,98,13.24,scattered clouds
475,Hay River,CA,60.8156,-115.7999,40.98,87,77,0.0,scattered clouds
476,Polonnaruwa,LK,7.9333,81.0,90.34,47,100,12.21,scattered clouds
477,Goderich,CA,43.7501,-81.7165,45.91,93,33,4.61,scattered clouds
478,Filadelfia,US,39.9523,-75.1638,48.31,93,100,14.97,scattered clouds
479,Baykit,RU,61.67,96.37,34.47,66,55,4.9,scattered clouds
480,Batticaloa,LK,7.7102,81.6924,84.7,58,100,4.38,scattered clouds
481,Rawson,AR,-43.3002,-65.1023,59.18,63,100,18.3,scattered clouds
482,Antofagasta,CL,-23.65,-70.4,56.48,82,21,3.31,scattered clouds
483,Shakawe,BW,-18.3667,21.85,65.41,22,0,3.02,scattered clouds
484,Alice Springs,AU,-23.7,133.8833,88.21,40,40,14.97,scattered clouds
485,Coos Bay,US,43.3665,-124.2179,58.98,93,100,3.44,scattered clouds
486,Bundaberg,AU,-24.85,152.35,74.21,48,1,3.0,scattered clouds
487,Linares,CL,-35.85,-71.6,45.66,84,80,1.74,scattered clouds
488,Padang,ID,-0.9492,100.3543,82.45,85,100,5.77,scattered clouds
489,Sao Joao Da Barra,BR,-21.6403,-41.0511,68.05,93,95,6.55,scattered clouds
490,Puerto Baquerizo Moreno,EC,-0.9,-89.6,67.41,84,54,10.69,scattered clouds
491,Boyolangu,ID,-8.1181,111.8935,82.09,69,95,8.52,scattered clouds
492,Ramona,US,33.0417,-116.8681,70.84,84,0,5.75,scattered clouds
493,Corrente,BR,-3.7367,-43.3394,74.34,83,34,6.38,scattered clouds
494,Nobres,BR,-14.7203,-56.3275,76.98,77,87,2.57,scattered clouds
495,Portsmouth,GB,50.799,-1.0913,60.91,90,84,8.01,scattered clouds
496,Saint Anthony,US,45.0205,-93.218,64.76,60,0,6.91,scattered clouds
497,Rodrigues Alves,BR,-7.738,-72.6509,75.4,83,19,2.08,scattered clouds
498,Alihe,CN,50.5667,123.7167,39.49,25,50,11.65,scattered clouds
499,Udachnyy,RU,66.4167,112.4,25.45,62,55,6.64,scattered clouds
500,Mpika,ZM,-11.8343,31.4529,59.11,59,3,4.63,scattered clouds
501,Huarmey,PE,-10.0681,-78.1522,62.08,86,41,9.13,scattered clouds
502,Kulim,MY,5.365,100.5618,85.55,68,99,3.06,scattered clouds
503,Pryazha,RU,61.6926,33.6216,42.03,94,65,7.23,scattered clouds
504,Yumen,CN,40.2833,97.2,50.94,33,0,21.81,scattered clouds
505,Mwinilunga,ZM,-11.7358,24.4293,60.48,39,1,4.29,scattered clouds
506,Inhambane,MZ,-23.865,35.3833,75.18,88,40,6.91,scattered clouds
507,Durazno,UY,-33.4131,-56.5006,42.3,94,46,7.9,scattered clouds
508,La Rioja,ES,42.25,-2.5,46.18,55,55,6.15,scattered clouds
509,Bud,US,39.447,-86.1758,51.98,75,0,6.8,scattered clouds
510,Port-Gentil,GA,-0.7193,8.7815,77.18,83,100,9.8,scattered clouds
511,Puerto Madryn,AR,-42.7692,-65.0385,59.22,63,100,18.1,scattered clouds
512,Pringsewu,ID,-5.3582,104.9744,84.09,68,93,5.03,scattered clouds
513,Karratha,AU,-20.7377,116.8463,83.43,34,0,12.88,scattered clouds
514,Huangchuan,CN,32.1272,115.0394,54.18,81,100,17.9,scattered clouds
515,Porbandar,IN,21.6422,69.6093,84.18,74,20,10.36,scattered clouds
516,Casambalangan,PH,18.3765,122.1274,86.14,70,22,5.84,scattered clouds
517,Ostrovnoy,RU,68.0531,39.5131,39.7,75,100,6.85,scattered clouds
518,Dingle,PH,10.9995,122.6711,86.67,71,100,7.23,scattered clouds
519,Quang Ngai,VN,15.1167,108.8,85.15,72,81,5.61,scattered clouds
520,Hailar,CN,49.2,119.7,40.26,18,1,14.32,scattered clouds
521,Beian,NO,63.6559,9.5683,51.01,93,75,14.97,scattered clouds
522,Parabel,RU,58.6978,81.4825,37.81,60,100,12.1,scattered clouds
523,Mandalgovi,MN,45.7625,106.2708,34.25,27,0,11.16,scattered clouds
524,Martapura,ID,-3.4167,114.85,82.49,83,40,6.91,scattered clouds
525,Monterey,US,36.2505,-121.2516,62.19,71,0,7.94,scattered clouds
526,Dafeng,CN,23.4517,108.5881,89.64,57,6,2.8,scattered clouds
527,Banda Aceh,ID,5.5577,95.3222,82.71,74,73,13.49,scattered clouds
528,Seoul,KR,37.5683,126.9778,67.57,73,40,10.36,scattered clouds
529,Port Moresby,PG,-9.4431,147.1797,90.82,62,40,11.5,scattered clouds
530,Acari,PE,-15.4311,-74.6158,64.51,71,50,2.24,scattered clouds
531,Qaqortoq,GL,60.7167,-46.0333,34.66,56,0,5.88,scattered clouds
532,Bereda,ES,43.2686,-7.5406,54.41,74,1,1.34,scattered clouds
533,Dabola,GN,10.75,-11.1167,70.11,97,66,0.72,scattered clouds
534,San Agustin,MX,20.5333,-103.4667,65.52,82,75,0.0,scattered clouds
535,Maracacume,BR,-2.0428,-45.9592,71.83,96,36,4.43,scattered clouds
536,Haines Junction,CA,60.7522,-137.5108,40.95,70,100,2.3,scattered clouds
537,Wufeng,CN,27.45,104.8333,65.88,77,78,2.89,scattered clouds
538,Santiago,CL,-33.4569,-70.6483,56.28,78,75,8.05,scattered clouds
539,Shitkino,RU,56.3703,98.3543,30.49,83,100,1.25,scattered clouds
540,Braedstrup,DK,55.9708,9.6085,51.64,96,100,4.72,scattered clouds
541,Keetmanshoop,NA,-26.5833,18.1333,55.69,57,0,3.36,scattered clouds
542,Benghazi,LY,32.1167,20.0667,74.86,66,100,10.54,scattered clouds
543,Alamos,MX,27.0167,-108.9333,75.45,63,5,4.54,scattered clouds
544,Portales,US,34.1862,-103.3344,62.02,47,71,10.13,scattered clouds
545,Tingi,TZ,-11.3,35.0333,61.3,56,5,4.59,scattered clouds
546,Abu Kamal,SY,34.4506,40.9171,79.27,19,0,9.55,scattered clouds
547,Energeticheskiy,KZ,43.4278,77.0222,63.16,29,75,4.47,scattered clouds
548,Shiyan,CN,32.6475,110.7781,53.89,89,100,12.8,scattered clouds
549,Nelson Bay,AU,-32.7167,152.15,71.65,61,34,9.66,scattered clouds
550,San Clemente,US,33.427,-117.612,72.95,87,5,1.99,scattered clouds
551,Kesinga,IN,20.2,83.2333,78.73,87,94,3.4,scattered clouds
552,Belyy Yar,RU,53.6039,91.3903,39.09,62,0,2.24,scattered clouds
553,Gimli,CA,50.6336,-96.9907,59.02,88,38,8.05,scattered clouds
554,Kargala,RU,56.6208,83.9607,40.53,52,34,3.4,scattered clouds
555,Bilma,NE,18.6853,12.9164,82.53,19,0,10.54,scattered clouds
556,Jibuti,DJ,11.5,42.5,79.57,69,63,9.51,scattered clouds
557,Niquelandia,BR,-14.4739,-48.4597,73.11,76,68,1.72,scattered clouds
558,Hengshui,CN,37.7322,115.7011,53.42,30,98,15.79,scattered clouds
559,Khorramshahr,IR,30.4397,48.1664,76.96,57,0,2.3,scattered clouds
560,Brandfort,ZA,-28.7001,26.4597,45.81,14,75,3.15,scattered clouds
561,Jaisalmer,IN,26.9147,70.9181,85.15,45,0,8.77,scattered clouds
562,Tura,IN,25.5198,90.2201,78.33,81,100,2.26,scattered clouds
563,Kushima,JP,31.4583,131.2333,82.44,67,79,9.35,scattered clouds
564,Mizdah,LY,31.4451,12.9801,62.76,64,0,3.02,scattered clouds
565,Ledyard,US,41.4398,-72.0142,53.13,74,100,14.97,scattered clouds
566,Kulhudhuffushi,MV,6.6221,73.07,81.46,77,95,14.63,scattered clouds
567,Flinders,AU,-34.5833,150.8552,70.05,69,91,5.99,scattered clouds
568,Acarau,BR,-2.8856,-40.12,77.34,80,92,14.88,scattered clouds
569,Gizo,SB,-8.103,156.8419,84.52,69,100,4.25,scattered clouds
570,Kailua,US,21.4022,-157.7394,80.58,67,100,11.5,scattered clouds
571,Chumikan,RU,54.7183,135.315,40.08,33,98,9.57,scattered clouds
572,Tehri,IN,30.3833,78.4833,79.99,58,40,1.19,scattered clouds
573,Rena,NO,61.1348,11.3641,39.78,97,69,2.55,scattered clouds
574,Aloleng,PH,16.1307,119.7824,86.13,70,51,4.97,scattered clouds
575,San Fernando,PH,15.0286,120.6898,92.93,61,84,7.72,scattered clouds
576,Sistranda,NO,63.7256,8.834,49.96,84,100,12.62,scattered clouds
577,Marovoay,MG,-16.1,46.6333,73.2,53,0,8.16,scattered clouds
578,Parintins,BR,-2.6283,-56.7358,74.59,84,64,2.35,scattered clouds
579,Kokopo,PG,-4.352,152.2633,87.13,57,100,12.5,scattered clouds
580,Vilyuysk,RU,63.7553,121.6247,31.66,63,99,9.46,scattered clouds
581,Albolote,ES,37.2309,-3.6551,65.1,58,20,1.99,scattered clouds
582,Humboldt,US,40.6665,-123.9178,50.59,91,14,2.42,scattered clouds
583,Puerto Leguizamo,CO,-0.1934,-74.7819,75.7,74,86,0.81,scattered clouds
584,Colwyn Bay,GB,53.2948,-3.7267,59.95,3,100,20.0,scattered clouds
585,Sao Gabriel Da Cachoeira,BR,-0.1303,-67.0892,75.24,80,68,1.52,scattered clouds
586,Erzin,TR,36.9559,36.2,71.1,81,12,2.01,scattered clouds
587,Xining,CN,36.6167,101.7667,51.37,40,76,1.1,scattered clouds
588,Tashara,RU,55.5195,83.5094,40.03,55,59,2.46,scattered clouds
589,Rudnya,RU,54.947,31.0934,40.57,97,100,0.96,scattered clouds
590,Labuhan,ID,-6.8844,112.2051,86.83,60,88,2.08,scattered clouds
591,Burgersdorp,ZA,-30.9977,26.3286,53.78,71,81,7.2,scattered clouds
592,Karlshamn,SE,56.1706,14.8619,43.29,87,4,8.39,scattered clouds
593,Serafimovich,RU,49.5786,42.736,53.62,65,72,6.51,scattered clouds
594,Miyako,JP,39.6367,141.9525,72.45,72,99,11.05,scattered clouds
595,Cajamarca,PE,-7.1638,-78.5003,53.01,89,51,2.75,scattered clouds
596,Kasongo-Lunda,CD,-6.4667,16.8167,68.11,98,95,0.96,scattered clouds
597,Sicamous,CA,50.8331,-118.9856,54.57,64,0,3.85,scattered clouds
598,Ganeasa,RO,44.4833,26.2833,50.95,72,0,5.75,scattered clouds
599,Juruti,BR,-2.1522,-56.0922,75.29,80,76,2.68,scattered clouds
600,Beyneu,KZ,45.3167,55.2,54.09,36,73,15.32,scattered clouds
601,Bhinga,IN,27.7167,81.9333,84.34,66,23,14.61,scattered clouds
602,Ayagoz,KZ,47.9714,80.4392,47.28,20,95,18.1,scattered clouds
603,Sweetwater,US,25.7634,-80.3731,80.01,78,20,5.75,scattered clouds
604,Itanhaem,BR,-24.1831,-46.7889,65.95,89,100,4.25,scattered clouds
605,Muros,ES,42.7762,-9.0603,58.08,94,6,3.2,scattered clouds
606,Sretensk,RU,52.2453,117.7093,39.56,26,10,5.88,scattered clouds
607,Naze,JP,28.3667,129.4833,83.32,72,33,5.57,scattered clouds
608,Sikasso,ML,10.9167,-7.0,72.39,94,25,3.89,scattered clouds
609,Santa Fe,AR,-31.6333,-60.7,64.0,51,45,5.99,scattered clouds
610,Jambi,ID,-1.6,103.6167,89.92,58,96,2.77,scattered clouds
611,Tanggu,CN,39.0211,117.6469,55.36,27,71,13.8,scattered clouds
612,Pavlohrad,UA,48.5167,35.8667,49.44,90,51,7.43,scattered clouds
613,Arkhangelsk,RU,64.5401,40.5433,41.11,93,100,11.18,scattered clouds
614,Tessalit,ML,20.1986,1.0114,84.94,15,0,13.09,scattered clouds
615,Kabalo,CD,-6.05,26.9167,69.44,86,15,3.4,scattered clouds
616,Magistralnyy,RU,56.1725,107.4458,34.63,57,89,2.51,scattered clouds
617,Leh,IN,34.1667,77.5833,45.66,44,3,5.37,scattered clouds
618,Ucluelet,CA,48.9329,-125.5528,55.09,93,73,3.02,scattered clouds
619,Viedma,AR,-40.8135,-62.9967,57.94,57,100,21.45,scattered clouds
620,Winnemucca,US,40.973,-117.7357,50.05,34,0,0.0,scattered clouds
621,Bowen,AU,-20.0167,148.2333,76.39,65,95,17.85,scattered clouds
622,Kieta,PG,-6.2167,155.6333,83.55,75,99,6.53,scattered clouds
623,Mananjary,MG,-21.2167,48.3333,69.1,78,9,8.97,scattered clouds
624,Aksha,RU,50.2814,113.2867,37.94,36,62,9.28,scattered clouds
625,Cordoba,AR,-31.4135,-64.1811,68.76,30,0,11.5,scattered clouds
626,Harstad,NO,68.799,16.5293,43.16,84,37,6.53,scattered clouds
627,Changde,CN,29.0464,111.6783,67.26,66,100,19.42,scattered clouds
628,Liverpool,GB,53.4106,-2.9779,59.52,87,100,14.97,scattered clouds
629,Goundam,ML,16.4145,-3.6708,90.59,26,24,6.87,scattered clouds
630,Betul,IN,21.9153,77.8961,76.82,68,89,9.69,scattered clouds
631,Jiuquan,CN,39.7432,98.5174,53.2,33,0,8.81,scattered clouds
632,Khandbari,NP,27.3747,87.2039,69.57,95,100,1.34,scattered clouds
633,Awash,ET,8.9833,40.1667,71.87,70,88,5.23,scattered clouds
634,Menongue,AO,-14.6585,17.691,59.13,32,23,3.4,scattered clouds
635,Ugoofaaru,MV,5.6667,73.0,79.9,80,100,13.31,scattered clouds
636,Raudeberg,NO,61.9875,5.1352,53.87,63,100,17.94,scattered clouds
637,Bajos De Haina,DO,18.4154,-70.0332,81.32,100,100,2.62,scattered clouds
638,Stony Plain,CA,53.5334,-114.0021,58.96,73,0,0.0,scattered clouds
639,Waipawa,NZ,-41.4122,175.5153,54.91,62,10,12.68,scattered clouds
640,San Rafael,AR,-34.6177,-68.3301,66.51,41,66,10.33,scattered clouds
641,Paamiut,GL,61.994,-49.6678,36.14,62,32,4.68,scattered clouds
642,Nara,JP,34.6851,135.8049,87.96,40,74,9.04,scattered clouds
643,Longhua,CN,23.6137,114.1919,98.49,40,2,1.68,scattered clouds
644,Burns Lake,CA,54.2331,-125.7533,38.62,74,88,2.75,scattered clouds
645,Koulamoutou,GA,-1.1303,12.4736,68.76,99,99,1.36,scattered clouds
646,Tabas,IR,33.5959,56.9244,81.73,19,0,0.45,scattered clouds
647,Uvalde,US,29.3669,-99.767,66.13,52,0,0.0,scattered clouds
648,Doboj,BA,44.7347,18.0878,48.69,80,22,3.91,scattered clouds
649,Morehead,US,37.2711,-87.1764,56.79,95,0,0.0,scattered clouds
650,Bartica,GY,6.4,-58.6167,73.72,97,96,0.27,scattered clouds
651,Gat,IL,31.61,34.7642,74.39,100,0,2.59,scattered clouds
652,San Isidro,PE,-12.1167,-77.05,62.02,83,100,11.5,scattered clouds
653,Solnechnyy,RU,50.7214,136.6319,35.78,66,100,12.03,scattered clouds
654,Helena,US,46.5927,-112.0361,54.59,86,0,5.75,scattered clouds
655,Huilong,CN,31.8111,121.655,70.93,79,100,22.41,scattered clouds
656,Jining,CN,35.405,116.5814,53.73,45,100,12.46,scattered clouds
657,Lindsay,US,36.203,-119.0882,75.0,66,0,0.0,scattered clouds
658,Norwich,GB,52.6278,1.2983,57.92,92,100,8.05,scattered clouds
659,Monrovia,LR,6.3005,-10.7969,75.29,90,61,4.34,scattered clouds
660,Sakaiminato,JP,35.55,133.2333,85.93,61,75,14.97,scattered clouds
661,Telgte,DE,51.9833,7.7833,51.35,96,0,4.61,scattered clouds
662,Quime,BO,-16.9833,-67.2167,50.4,88,88,2.28,scattered clouds
663,Hare Bay,CA,48.8499,-54.0148,38.55,85,4,5.5,scattered clouds
664,Paka,MY,4.6374,103.4368,87.73,70,40,0.0,scattered clouds
665,Marystown,CA,47.1666,-55.1483,44.02,71,11,6.64,scattered clouds
666,Progreso,MX,21.2833,-89.6667,78.91,74,9,9.55,scattered clouds
667,Chimbote,PE,-9.0853,-78.5783,60.89,89,49,8.01,scattered clouds
668,Sucua,EC,-2.4667,-78.1667,65.14,95,72,4.0,scattered clouds
669,Kamaishi,JP,39.2667,141.8833,70.52,82,100,13.87,scattered clouds
670,Ambulu,ID,-8.345,113.6058,81.99,71,92,6.67,scattered clouds
671,Bat Khela,PK,34.6167,71.9714,76.69,40,0,3.78,scattered clouds
672,Chillan,CL,-36.6066,-72.1034,44.92,93,75,4.61,scattered clouds
673,Aksu,CN,41.1231,80.2644,61.41,35,96,11.92,scattered clouds
674,Xai-Xai,MZ,-25.0519,33.6442,70.83,71,0,3.06,scattered clouds
675,Cacule,BR,-14.5033,-42.2222,72.0,64,25,7.74,scattered clouds
676,Chernyshevskiy,RU,63.0128,112.4714,30.83,55,27,7.4,scattered clouds
677,Ayan,RU,56.45,138.1667,37.58,42,97,15.12,scattered clouds
678,Finnsnes,NO,69.2296,17.9811,29.01,88,45,3.06,scattered clouds
679,Altay,CN,47.8667,88.1167,49.5,13,78,2.21,scattered clouds
680,Sari,IR,36.5633,53.0601,74.28,56,3,5.57,scattered clouds
681,Rio Cuarto,AR,-33.1307,-64.3499,63.48,47,0,12.66,scattered clouds
682,Rio Gallegos,AR,-51.6226,-69.2181,37.45,93,20,4.61,scattered clouds
